beds,baths,sell_price,sqft,property_tax,maintenance_fee,ground_unit,penthouse_unit,studio_unit,corner_unit,end_unit,upper_unit,inside_unit,townhouse,age_restricted,rentals_allowed,pets_allowed,no_smoking,no_restrictions,zoning_compdev,zoning_residential,neighbourhood_Brentwood Park,neighbourhood_Burnaby Hospital,neighbourhood_Capitol Hill BN,neighbourhood_Cariboo,neighbourhood_Central BN,neighbourhood_Central Park BS,neighbourhood_Edmonds BE,neighbourhood_Forest Glen BS,neighbourhood_Forest Hills BN,neighbourhood_Government Road,neighbourhood_Greentree Village,neighbourhood_Highgate,neighbourhood_Metrotown,neighbourhood_Montecito,neighbourhood_Oaklands,neighbourhood_Parkcrest,neighbourhood_Simon Fraser Hills,neighbourhood_Simon Fraser Univer.,neighbourhood_South Slope,neighbourhood_Sullivan Heights,neighbourhood_Vancouver Heights,neighbourhood_Westridge BN,neighbourhood_Willingdon Heights,building_age_Lived In,building_age_New,building_age_Newish,building_age_Old,building_age_Very Old
2,1,490000,877,2149.72,344.1,0,0,0,0,0,1,0,0.0,0,1,0,0,0,1,0,0,0,0,0,0,0,0,0,0,0,0,0,0,0,0,0,0,0,0,0,1,0,0,0,0,0,1,0
1,1,358500,704,1871.3,241.6,0,0,0,0,0,0,1,0.0,0,1,0,0,0,1,0,0,0,0,0,0,0,0,0,0,0,0,0,0,0,0,0,0,0,0,0,1,0,0,0,0,0,1,0
2,1,420000,876,1395.0,343.68,0,0,0,0,0,0,1,0.0,0,1,0,0,0,1,0,0,0,0,0,0,0,0,0,0,0,0,0,0,0,0,0,0,0,0,0,1,0,0,0,0,0,1,0
2,1,485000,864,2155.41,369.0,0,0,0,0,0,0,1,0.0,0,1,0,0,0,1,0,0,0,0,0,0,0,0,0,0,0,0,0,0,0,0,0,0,0,0,0,1,0,0,0,0,0,1,0
1,1,440000,780,2020.05,240.28,0,0,0,0,0,0,0,0.0,0,1,1,0,0,0,1,0,0,0,0,0,0,0,0,0,0,0,0,0,0,0,0,0,0,0,0,0,0,1,0,0,0,1,0
1,1,430000,730,1991.64,240.0,0,0,0,0,0,0,0,1.0,0,1,1,0,0,1,0,0,0,0,0,0,0,0,0,0,0,0,0,0,0,0,0,0,0,0,0,0,0,1,0,0,0,1,0
2,1,572500,1147,2412.86,377.97,0,0,0,0,0,1,0,0.0,0,0,0,0,0,1,0,0,0,0,0,0,0,0,0,0,0,0,0,0,0,0,0,0,0,0,0,0,0,1,0,0,0,1,0
2,1,520000,989,2347.53,336.91,0,0,0,1,0,1,0,0.0,0,0,0,0,0,1,0,0,0,0,0,0,0,0,0,0,0,0,0,0,0,0,0,0,0,0,0,0,0,1,0,0,0,1,0
1,1,560000,624,2267.33,291.34,0,0,0,0,0,0,0,0.0,0,1,1,0,0,1,0,0,0,0,0,0,0,0,0,0,0,0,0,0,0,0,0,0,0,0,0,1,0,0,0,1,0,0,0
1,1,553000,624,2301.43,276.78,0,0,0,0,0,0,0,0.0,0,1,1,0,0,1,0,0,0,0,0,0,0,0,0,0,0,0,0,0,0,0,0,0,0,0,0,1,0,0,0,1,0,0,0
1,1,460000,563,1902.03,311.68,0,0,0,0,0,0,1,0.0,0,1,1,0,0,1,0,0,0,1,0,0,0,0,0,0,0,0,0,0,0,0,0,0,0,0,0,0,0,0,0,0,1,0,0
1,1,376000,849,1773.97,326.27,0,0,0,0,0,1,0,0.0,0,0,1,0,0,0,1,0,0,1,0,0,0,0,0,0,0,0,0,0,0,0,0,0,0,0,0,0,0,0,0,0,0,1,0
1,1,330000,745,1688.44,286.57,0,0,0,0,0,1,1,0.0,0,1,0,0,0,0,1,0,0,1,0,0,0,0,0,0,0,0,0,0,0,0,0,0,0,0,0,0,0,0,0,0,0,1,0
1,1,305000,642,1333.58,253.09,0,0,0,0,0,0,1,0.0,0,1,1,0,0,0,1,0,0,1,0,0,0,0,0,0,0,0,0,0,0,0,0,0,0,0,0,0,0,0,0,0,0,0,1
1,1,265000,622,1515.57,287.25,0,1,0,0,0,1,0,0.0,0,1,1,0,0,0,1,0,0,1,0,0,0,0,0,0,0,0,0,0,0,0,0,0,0,0,0,0,0,0,0,0,0,0,1
2,2,435000,881,1946.16,358.12,0,0,0,1,0,0,0,0.0,0,0,1,0,0,0,1,0,0,1,0,0,0,0,0,0,0,0,0,0,0,0,0,0,0,0,0,0,0,0,0,0,0,0,1
2,2,410000,901,1977.69,358.12,0,0,0,1,0,0,0,0.0,0,0,1,0,0,0,1,0,0,1,0,0,0,0,0,0,0,0,0,0,0,0,0,0,0,0,0,0,0,0,0,0,0,0,1
1,1,440000,730,2058.05,208.52,0,0,0,0,0,0,0,0.0,0,1,1,0,0,1,0,0,0,1,0,0,0,0,0,0,0,0,0,0,0,0,0,0,0,0,0,0,0,0,0,0,0,1,0
2,2,555000,922,2386.52,309.78,0,0,0,0,0,0,0,1.0,0,1,1,0,0,0,1,0,0,0,0,0,0,0,0,0,0,0,0,0,0,0,0,0,0,0,0,0,1,0,0,0,1,0,0
3,2,568000,1123,2223.04,267.92,0,0,0,0,0,0,0,1.0,0,1,1,0,0,1,0,0,0,0,0,0,0,0,0,0,0,0,0,0,0,0,0,0,0,0,0,0,1,0,0,0,0,1,0
1,1,554900,634,2301.73,217.98,0,0,0,0,0,1,0,0.0,0,1,1,0,0,1,0,1,0,0,0,0,0,0,0,0,0,0,0,0,0,0,0,0,0,0,0,0,0,0,0,1,0,0,0
1,1,539000,752,2174.27,276.96,0,0,0,1,0,0,0,0.0,0,1,1,0,0,1,0,1,0,0,0,0,0,0,0,0,0,0,0,0,0,0,0,0,0,0,0,0,0,0,1,0,0,0,0
2,1,560000,843,2435.25,260.0,0,0,0,1,0,0,0,0.0,0,1,1,0,0,1,0,1,0,0,0,0,0,0,0,0,0,0,0,0,0,0,0,0,0,0,0,0,0,0,1,0,0,0,0
2,1,509000,940,2134.63,346.09,0,0,0,1,0,1,0,0.0,0,1,0,0,0,1,0,1,0,0,0,0,0,0,0,0,0,0,0,0,0,0,0,0,0,0,0,0,0,0,0,0,0,1,0
1,1,383888,696,1841.99,256.49,0,0,0,0,1,0,1,0.0,0,1,0,0,0,1,0,1,0,0,0,0,0,0,0,0,0,0,0,0,0,0,0,0,0,0,0,0,0,0,0,0,0,1,0
1,1,450000,717,1739.72,255.7,0,0,0,0,0,1,0,0.0,0,1,0,0,0,1,0,1,0,0,0,0,0,0,0,0,0,0,0,0,0,0,0,0,0,0,0,0,0,0,0,0,0,1,0
2,1,460000,887,2029.52,319.92,1,0,0,0,0,0,1,0.0,0,1,0,0,0,1,0,1,0,0,0,0,0,0,0,0,0,0,0,0,0,0,0,0,0,0,0,0,0,0,0,0,0,1,0
2,1,508000,939,2225.55,346.09,0,0,0,0,0,1,0,0.0,0,1,0,0,0,0,1,1,0,0,0,0,0,0,0,0,0,0,0,0,0,0,0,0,0,0,0,0,0,0,0,0,0,1,0
1,1,525000,539,2214.5,269.09,0,0,0,0,0,1,0,0.0,0,1,1,0,0,0,1,1,0,0,0,0,0,0,0,0,0,0,0,0,0,0,0,0,0,0,0,0,0,0,0,1,0,0,0
1,1,575000,587,2361.79,334.46,0,0,0,0,0,0,0,0.0,0,1,1,0,0,1,0,1,0,0,0,0,0,0,0,0,0,0,0,0,0,0,0,0,0,0,0,0,0,0,0,1,0,0,0
1,1,575000,585,2290.77,334.46,0,0,0,0,0,1,0,0.0,0,1,1,1,0,1,0,1,0,0,0,0,0,0,0,0,0,0,0,0,0,0,0,0,0,0,0,0,0,0,0,1,0,0,0
1,1,590000,705,2417.03,265.0,0,0,0,0,0,1,1,0.0,0,1,1,0,0,0,1,1,0,0,0,0,0,0,0,0,0,0,0,0,0,0,0,0,0,0,0,0,0,0,0,1,0,0,0
1,1,534000,683,2307.36,275.99,0,0,0,0,0,1,0,0.0,0,1,1,0,0,1,0,1,0,0,0,0,0,0,0,0,0,0,0,0,0,0,0,0,0,0,0,0,0,0,1,0,0,0,0
1,1,478000,683,2156.78,275.99,0,0,0,0,0,1,1,0.0,0,1,1,0,0,1,0,1,0,0,0,0,0,0,0,0,0,0,0,0,0,0,0,0,0,0,0,0,0,0,1,0,0,0,0
1,1,560000,623,2106.35,246.22,0,0,0,0,0,0,1,0.0,0,1,1,0,0,1,0,1,0,0,0,0,0,0,0,0,0,0,0,0,0,0,0,0,0,0,0,0,0,0,1,0,0,0,0
1,1,494000,635,2080.79,246.22,0,0,0,0,0,0,0,0.0,0,1,1,0,0,1,0,1,0,0,0,0,0,0,0,0,0,0,0,0,0,0,0,0,0,0,0,0,0,0,1,0,0,0,0
1,1,543000,642,2205.8,246.22,0,0,0,0,0,0,1,0.0,0,1,1,0,0,1,0,1,0,0,0,0,0,0,0,0,0,0,0,0,0,0,0,0,0,0,0,0,0,0,1,0,0,0,0
1,1,550000,623,2242.74,246.22,0,0,0,0,0,1,0,0.0,0,1,1,0,0,1,0,1,0,0,0,0,0,0,0,0,0,0,0,0,0,0,0,0,0,0,0,0,0,0,1,0,0,0,0
1,1,569000,550,1070.0,185.36,0,0,0,0,0,1,0,0.0,0,1,1,0,0,0,1,1,0,0,0,0,0,0,0,0,0,0,0,0,0,0,0,0,0,0,0,0,0,0,0,1,0,0,0
1,1,577500,545,1070.56,185.36,0,0,0,0,0,1,0,0.0,0,1,1,0,0,0,1,1,0,0,0,0,0,0,0,0,0,0,0,0,0,0,0,0,0,0,0,0,0,0,0,1,0,0,0
1,1,576000,546,1070.56,185.36,0,0,0,0,0,1,0,0.0,0,1,1,0,0,0,1,1,0,0,0,0,0,0,0,0,0,0,0,0,0,0,0,0,0,0,0,0,0,0,0,1,0,0,0
1,1,565000,550,1070.56,185.36,0,0,0,0,0,1,0,0.0,0,1,1,0,0,0,1,1,0,0,0,0,0,0,0,0,0,0,0,0,0,0,0,0,0,0,0,0,0,0,0,1,0,0,0
1,1,532500,461,1894.62,216.73,0,0,0,0,0,0,0,0.0,0,1,1,0,0,1,0,1,0,0,0,0,0,0,0,0,0,0,0,0,0,0,0,0,0,0,0,0,0,0,0,1,0,0,0
1,1,538000,551,2130.43,292.55,0,0,0,0,0,1,0,0.0,0,1,1,0,0,1,0,1,0,0,0,0,0,0,0,0,0,0,0,0,0,0,0,0,0,0,0,0,0,0,0,1,0,0,0
1,1,515000,458,1982.69,222.0,0,0,0,0,0,1,0,0.0,0,0,0,0,1,1,0,1,0,0,0,0,0,0,0,0,0,0,0,0,0,0,0,0,0,0,0,0,0,0,0,1,0,0,0
1,1,515000,471,1948.6,221.5,0,0,0,0,0,0,0,0.0,0,0,0,0,1,0,1,1,0,0,0,0,0,0,0,0,0,0,0,0,0,0,0,0,0,0,0,0,0,0,0,1,0,0,0
1,1,529800,551,2104.86,292.54,0,0,0,0,0,0,0,0.0,0,1,1,0,0,1,0,1,0,0,0,0,0,0,0,0,0,0,0,0,0,0,0,0,0,0,0,0,0,0,0,1,0,0,0
2,2,595000,807,2281.37,237.22,0,0,0,0,0,0,1,0.0,0,1,1,0,0,1,0,1,0,0,0,0,0,0,0,0,0,0,0,0,0,0,0,0,0,0,0,0,0,0,0,0,1,0,0
2,1,460000,988,2069.73,414.44,0,0,0,0,0,0,1,0.0,0,1,1,0,0,0,1,1,0,0,0,0,0,0,0,0,0,0,0,0,0,0,0,0,0,0,0,0,0,0,0,0,0,1,0
2,1,440000,858,1948.96,366.97,0,0,0,0,0,0,1,0.0,0,1,1,0,0,0,1,1,0,0,0,0,0,0,0,0,0,0,0,0,0,0,0,0,0,0,0,0,0,0,0,0,0,1,0
1,1,570000,621,2176.54,194.61,0,0,0,0,0,1,0,0.0,0,1,1,0,0,1,0,1,0,0,0,0,0,0,0,0,0,0,0,0,0,0,0,0,0,0,0,0,0,0,0,0,1,0,0
1,1,530000,737,2375.71,239.15,0,0,0,0,0,1,0,0.0,0,1,1,0,0,0,1,1,0,0,0,0,0,0,0,0,0,0,0,0,0,0,0,0,0,0,0,0,0,0,0,0,1,0,0
1,1,508000,709,2348.0,229.73,0,0,0,0,0,0,0,0.0,0,1,1,0,0,1,0,1,0,0,0,0,0,0,0,0,0,0,0,0,0,0,0,0,0,0,0,0,0,0,0,0,1,0,0
1,1,495000,680,2147.12,215.37,0,0,0,0,0,1,0,0.0,0,1,1,0,0,1,0,1,0,0,0,0,0,0,0,0,0,0,0,0,0,0,0,0,0,0,0,0,0,0,0,0,1,0,0
1,1,498000,644,2258.23,215.37,0,0,0,0,0,0,1,0.0,0,1,1,0,0,1,0,1,0,0,0,0,0,0,0,0,0,0,0,0,0,0,0,0,0,0,0,0,0,0,0,0,1,0,0
1,1,500000,706,2245.71,236.91,0,0,0,0,0,0,0,0.0,0,1,1,0,0,0,1,1,0,0,0,0,0,0,0,0,0,0,0,0,0,0,0,0,0,0,0,0,0,0,0,0,1,0,0
1,1,539000,747,2248.0,253.39,0,0,0,0,0,0,1,0.0,0,1,1,0,0,1,0,1,0,0,0,0,0,0,0,0,0,0,0,0,0,0,0,0,0,0,0,0,0,0,0,0,1,0,0
1,1,496000,697,2162.86,236.0,0,0,0,0,0,1,0,0.0,0,1,1,0,0,1,0,1,0,0,0,0,0,0,0,0,0,0,0,0,0,0,0,0,0,0,0,0,0,0,0,0,1,0,0
2,1,450000,944,2033.12,325.69,0,0,0,0,0,1,0,0.0,0,1,0,0,0,1,0,1,0,0,0,0,0,0,0,0,0,0,0,0,0,0,0,0,0,0,0,0,0,0,0,0,0,0,1
2,1,416000,828,1966.09,283.72,0,0,0,1,0,1,0,0.0,0,1,0,0,0,1,0,1,0,0,0,0,0,0,0,0,0,0,0,0,0,0,0,0,0,0,0,0,0,0,0,0,0,0,1
2,1,528000,1089,2235.09,282.87,0,0,0,1,1,0,0,0.0,0,1,0,1,0,1,0,1,0,0,0,0,0,0,0,0,0,0,0,0,0,0,0,0,0,0,0,0,0,0,0,0,0,1,0
2,1,468000,1011,1899.84,265.4,0,0,0,0,0,0,0,0.0,0,1,0,1,0,1,0,1,0,0,0,0,0,0,0,0,0,0,0,0,0,0,0,0,0,0,0,0,0,0,0,0,0,1,0
1,1,469000,1049,2004.95,303.03,0,0,0,0,0,1,0,0.0,0,1,1,0,0,1,0,1,0,0,0,0,0,0,0,0,0,0,0,0,0,0,0,0,0,0,0,0,0,0,0,0,0,0,1
2,1,485000,969,2101.56,323.86,0,0,0,1,0,0,0,0.0,0,1,1,0,0,1,0,1,0,0,0,0,0,0,0,0,0,0,0,0,0,0,0,0,0,0,0,0,0,0,0,0,0,1,0
2,1,490000,1020,2067.47,265.4,0,0,0,0,0,1,1,0.0,0,1,0,0,0,1,0,1,0,0,0,0,0,0,0,0,0,0,0,0,0,0,0,0,0,0,0,0,0,0,0,0,0,1,0
2,1,490000,1082,1959.51,273.91,0,0,0,0,0,0,1,0.0,0,1,0,0,0,1,0,1,0,0,0,0,0,0,0,0,0,0,0,0,0,0,0,0,0,0,0,0,0,0,0,0,0,0,1
2,1,501000,1263,2172.58,282.87,0,0,0,0,0,1,0,0.0,0,1,0,0,0,1,0,1,0,0,0,0,0,0,0,0,0,0,0,0,0,0,0,0,0,0,0,0,0,0,0,0,0,1,0
2,1,366000,953,1827.36,207.37,0,0,0,0,0,0,0,1.0,0,1,1,0,0,0,1,0,0,0,0,0,0,0,0,0,0,0,0,0,0,0,1,0,0,0,0,0,0,0,0,0,0,0,1
1,1,570000,648,2317.44,260.97,0,0,0,0,0,1,0,0.0,0,1,1,0,0,1,0,0,0,0,0,0,0,0,0,0,0,0,0,0,0,0,1,0,0,0,0,0,0,0,0,1,0,0,0
1,1,537000,640,1748.85,260.0,0,0,0,0,0,0,1,0.0,0,0,0,0,1,1,0,0,0,0,0,0,0,0,0,0,0,0,0,0,0,0,1,0,0,0,0,0,0,0,0,1,0,0,0
1,1,351000,721,1668.2,304.43,0,0,0,0,1,0,0,0.0,1,0,0,0,0,1,0,0,0,0,0,0,0,0,0,0,0,0,0,0,1,0,0,0,0,0,0,0,0,0,0,0,0,1,0
3,2,573000,1248,2420.26,378.1,0,0,0,0,0,0,0,1.0,0,1,1,0,0,1,0,0,0,0,0,0,0,0,0,0,0,0,0,0,1,0,0,0,0,0,0,0,0,0,0,0,0,0,1
1,1,442000,745,1870.82,284.33,0,1,0,1,0,0,0,0.0,0,1,1,0,0,1,0,0,0,0,0,0,0,0,0,0,0,0,0,0,0,0,0,0,1,0,0,0,0,0,0,0,0,1,0
3,3,585000,1405,2294.19,377.0,0,0,0,0,0,0,0,1.0,0,1,1,0,0,1,0,0,0,0,0,0,0,0,0,0,0,0,0,0,1,0,0,0,0,0,0,0,0,0,0,0,0,0,1
2,2,489000,1240,2095.88,377.0,0,0,0,0,0,0,0,1.0,0,1,1,0,0,1,0,0,0,0,0,0,0,0,0,0,0,0,0,0,1,0,0,0,0,0,0,0,0,0,0,0,0,0,1
2,2,493000,935,1775.31,272.18,0,0,0,0,0,1,0,0.0,0,1,0,0,0,1,0,0,0,0,0,0,0,0,0,0,0,0,0,0,0,0,0,0,1,0,0,0,0,0,0,0,0,1,0
2,2,490000,976,2334.53,285.11,0,0,0,1,0,0,0,0.0,0,1,0,0,0,1,0,0,0,0,0,0,0,0,0,0,0,0,0,0,0,0,0,0,1,0,0,0,0,0,0,0,0,1,0
1,1,399000,690,1962.62,256.63,0,0,0,0,0,1,1,0.0,0,1,1,0,0,1,0,0,0,0,0,1,0,0,0,0,0,0,0,0,0,0,0,0,0,0,0,0,0,0,0,0,0,1,0
1,1,445000,635,1369.62,162.16,0,0,0,0,0,0,0,1.0,0,1,1,0,0,0,1,0,0,0,0,1,0,0,0,0,0,0,0,0,0,0,0,0,0,0,0,0,0,0,0,0,1,0,0
1,1,290000,707,1451.54,219.87,0,0,0,0,0,0,1,0.0,0,0,1,0,0,0,1,0,1,0,0,0,0,0,0,0,0,0,0,0,0,0,0,0,0,0,0,0,0,0,0,0,0,1,0
2,1,480000,945,2205.08,343.55,0,0,0,0,0,0,0,0.0,0,0,1,0,0,1,0,0,1,0,0,0,0,0,0,0,0,0,0,0,0,0,0,0,0,0,0,0,0,0,0,0,0,1,0
2,2,535000,953,2281.31,456.1,0,0,0,0,0,1,0,0.0,0,1,1,0,0,1,0,0,0,0,0,1,0,0,0,0,0,0,0,0,0,0,0,0,0,0,0,0,0,0,1,0,0,0,0
1,1,395000,780,2002.88,335.53,0,0,0,1,0,0,0,0.0,0,1,1,0,0,1,0,0,0,0,0,1,0,0,0,0,0,0,0,0,0,0,0,0,0,0,0,0,0,0,0,0,0,1,0
1,1,399800,686,1875.04,302.97,1,0,0,0,1,0,0,0.0,0,1,1,0,0,1,0,0,0,0,0,1,0,0,0,0,0,0,0,0,0,0,0,0,0,0,0,0,0,0,0,0,0,1,0
2,2,571000,938,2228.88,320.63,0,0,0,0,0,0,0,1.0,0,1,1,0,0,0,1,0,0,0,0,0,0,0,0,0,0,1,0,0,0,0,0,0,0,0,0,0,0,0,0,0,0,0,1
2,1,490000,911,2212.97,327.75,0,0,0,0,0,0,0,1.0,0,1,1,0,0,1,0,0,0,0,0,0,0,0,0,0,0,1,0,0,0,0,0,0,0,0,0,0,0,0,0,0,0,0,1
1,1,422000,730,1814.0,308.85,0,0,0,0,0,1,0,0.0,0,1,1,0,0,1,0,0,0,0,0,0,0,0,0,0,0,0,0,0,0,0,0,0,0,1,0,0,0,0,0,0,0,1,0
2,2,482000,887,1415.15,375.39,1,0,0,0,0,0,0,0.0,0,0,1,0,0,1,0,0,0,0,0,0,0,0,0,0,0,0,1,0,0,0,0,0,0,0,0,0,0,0,0,0,0,1,0
2,1,460000,902,1898.93,285.33,0,0,0,1,0,0,0,0.0,0,1,1,0,0,0,1,0,0,0,0,0,0,0,0,0,0,0,1,0,0,0,0,0,0,0,0,0,0,0,0,0,0,1,0
2,1,355000,857,1902.61,239.74,1,0,0,0,0,0,0,0.0,0,1,1,0,0,0,1,0,0,0,0,0,0,0,0,0,0,0,1,0,0,0,0,0,0,0,0,0,0,0,0,0,0,1,0
2,1,394500,905,239.74,290.52,0,0,0,0,0,0,0,0.0,0,1,1,0,0,0,1,0,0,0,0,0,0,0,0,0,0,0,1,0,0,0,0,0,0,0,0,0,0,0,0,0,0,1,0
2,1,398000,887,1868.8,279.12,0,0,0,0,0,0,1,0.0,0,1,1,0,0,0,1,0,0,0,0,0,0,0,0,0,0,0,1,0,0,0,0,0,0,0,0,0,0,0,0,0,0,1,0
2,2,572900,743,2371.01,278.98,0,1,0,0,0,1,0,0.0,0,1,1,0,0,0,1,0,0,0,0,0,0,0,0,0,0,0,1,0,0,0,0,0,0,0,0,0,0,0,0,1,0,0,0
1,1,460000,618,2132.35,319.39,0,0,0,1,0,0,0,0.0,0,1,1,0,0,0,1,0,0,0,0,0,0,0,0,0,0,0,1,0,0,0,0,0,0,0,0,0,0,0,0,1,0,0,0
1,1,460000,591,2075.53,222.37,0,0,0,0,0,0,0,0.0,0,1,1,0,0,0,1,0,0,0,0,0,0,0,0,0,0,0,1,0,0,0,0,0,0,0,0,0,0,0,0,1,0,0,0
1,1,477500,591,2143.71,222.37,0,0,0,0,0,0,0,0.0,0,1,1,0,0,0,1,0,0,0,0,0,0,0,0,0,0,0,1,0,0,0,0,0,0,0,0,0,0,0,0,1,0,0,0
1,1,488000,598,2095.0,313.0,0,0,0,0,0,0,0,0.0,0,1,1,0,0,0,1,0,0,0,0,0,0,0,0,0,0,0,1,0,0,0,0,0,0,0,0,0,0,0,0,1,0,0,0
1,1,525000,720,2342.6,266.85,1,0,0,0,0,0,0,0.0,0,1,0,0,0,0,1,0,0,0,0,0,0,0,0,0,0,0,1,0,0,0,0,0,0,0,0,0,0,0,0,1,0,0,0
1,1,504000,755,2170.84,266.16,0,0,0,1,0,1,0,0.0,0,1,0,1,0,1,0,0,0,0,0,0,0,0,0,0,0,0,1,0,0,0,0,0,0,0,0,0,0,0,1,0,0,0,0
2,2,599000,744,1734.61,231.2,0,0,0,0,0,1,0,0.0,0,1,1,0,0,0,1,0,0,0,0,0,0,0,0,0,0,0,1,0,0,0,0,0,0,0,0,0,0,0,0,0,1,0,0
1,1,467000,774,2067.52,252.6,1,0,0,1,0,0,0,0.0,0,1,1,0,0,0,1,0,0,0,0,0,0,0,0,0,0,0,1,0,0,0,0,0,0,0,0,0,0,0,1,0,0,0,0
2,2,584000,915,2477.98,269.02,0,0,0,0,0,0,0,1.0,0,1,1,0,0,1,0,0,0,0,0,0,0,0,0,0,0,0,1,0,0,0,0,0,0,0,0,0,0,0,1,0,0,0,0
1,1,445000,721,1937.33,299.0,0,0,0,0,0,1,0,0.0,0,0,1,0,0,1,0,0,0,0,0,0,0,0,0,0,0,0,1,0,0,0,0,0,0,0,0,0,0,0,1,0,0,0,0
1,1,425000,732,1985.62,302.0,0,0,0,0,1,1,0,0.0,0,1,1,0,0,1,0,0,0,0,0,0,0,0,0,0,0,0,1,0,0,0,0,0,0,0,0,0,0,0,1,0,0,0,0
1,1,395000,745,1740.52,331.87,1,0,0,0,0,0,0,0.0,0,1,1,0,0,0,1,0,0,0,0,0,0,0,0,0,0,0,1,0,0,0,0,0,0,0,0,0,0,0,0,0,0,0,1
1,1,450000,922,1692.0,299.46,0,0,0,1,0,1,0,0.0,0,0,1,0,0,0,1,0,0,0,0,0,0,0,0,0,0,0,1,0,0,0,0,0,0,0,0,0,0,0,0,0,0,0,1
2,1,437000,748,1755.51,284.39,1,0,0,0,0,0,0,0.0,0,1,1,0,0,1,0,0,0,0,0,0,0,0,0,0,0,0,1,0,0,0,0,0,0,0,0,0,0,0,0,0,0,1,0
1,1,475000,921,2116.92,319.31,0,0,0,1,0,0,0,0.0,0,0,1,0,0,1,0,0,0,0,0,0,0,1,0,0,0,0,0,0,0,0,0,0,0,0,0,0,0,0,0,0,0,1,0
1,1,454500,832,2031.97,271.8,0,0,0,0,0,1,1,0.0,0,0,1,0,0,1,0,0,0,0,0,0,0,1,0,0,0,0,0,0,0,0,0,0,0,0,0,0,0,0,0,0,0,1,0
2,2,550000,982,2247.32,291.54,0,0,0,0,0,0,0,1.0,0,1,1,0,0,1,0,0,0,0,0,0,0,0,0,0,0,0,1,0,0,0,0,0,0,0,0,0,0,0,1,0,0,0,0
2,2,544800,907,2153.44,269.18,0,0,0,1,0,1,0,0.0,0,0,0,0,1,0,1,0,0,0,0,0,0,0,0,0,0,0,1,0,0,0,0,0,0,0,0,0,0,0,1,0,0,0,0
2,2,548500,906,2198.9,269.18,0,0,0,0,0,0,0,0.0,0,1,1,0,0,0,1,0,0,0,0,0,0,0,0,0,0,0,1,0,0,0,0,0,0,0,0,0,0,0,1,0,0,0,0
2,2,565000,803,2328.45,254.14,0,0,0,1,0,1,0,0.0,0,1,1,0,0,0,1,0,0,0,0,0,0,0,0,0,0,0,1,0,0,0,0,0,0,0,0,0,0,0,0,0,1,0,0
2,2,558000,772,1607.16,239.94,0,0,0,0,0,0,0,0.0,0,1,1,0,0,0,1,0,0,0,0,0,0,0,0,0,0,0,1,0,0,0,0,0,0,0,0,0,0,0,0,0,1,0,0
2,2,560000,797,2302.85,254.15,0,0,0,1,0,0,0,0.0,0,0,1,0,0,1,0,0,0,0,0,0,0,0,0,0,0,0,1,0,0,0,0,0,0,0,0,0,0,0,0,0,1,0,0
2,2,491800,916,1953.95,357.69,0,0,0,0,0,0,0,0.0,0,1,1,0,0,0,1,0,0,0,0,0,0,0,0,0,0,0,1,0,0,0,0,0,0,0,0,0,0,0,0,0,0,0,1
2,2,456000,883,1854.51,356.44,0,0,0,1,0,0,0,0.0,0,1,0,0,0,1,0,0,0,0,0,0,0,0,0,0,0,0,1,0,0,0,0,0,0,0,0,0,0,0,0,0,0,0,1
2,2,490000,898,1931.23,357.69,0,0,0,1,0,1,0,0.0,0,1,1,0,0,0,1,0,0,0,0,0,0,0,0,0,0,0,1,0,0,0,0,0,0,0,0,0,0,0,0,0,0,0,1
2,2,561000,890,2374.79,187.52,1,0,0,1,0,0,0,0.0,0,1,1,0,0,1,0,0,0,0,0,0,0,1,0,0,0,0,0,0,0,0,0,0,0,0,0,0,0,0,1,0,0,0,0
1,1,475000,628,2105.69,205.01,0,0,0,0,0,1,0,0.0,0,1,1,0,0,0,1,0,0,0,0,0,0,1,0,0,0,0,0,0,0,0,0,0,0,0,0,0,0,0,0,1,0,0,0
2,2,505000,878,2095.4,220.0,0,0,0,1,1,0,0,0.0,0,1,1,0,0,0,1,0,0,0,0,0,0,1,0,0,0,0,0,0,0,0,0,0,0,0,0,0,0,0,0,0,0,1,0
2,2,590000,1036,2417.23,327.91,0,0,0,0,0,0,0,1.0,0,1,1,0,0,1,0,0,0,0,0,0,0,1,0,0,0,0,0,0,0,0,0,0,0,0,0,0,0,0,1,0,0,0,0
3,2,596800,1183,2608.48,292.15,0,0,0,0,0,0,0,1.0,0,1,1,0,0,0,1,0,0,0,0,0,0,1,0,0,0,0,0,0,0,0,0,0,0,0,0,0,0,0,0,0,0,1,0
2,1,508000,900,2312.99,234.09,0,0,0,0,0,0,0,1.0,0,1,1,0,0,0,1,0,0,0,0,0,0,1,0,0,0,0,0,0,0,0,0,0,0,0,0,0,0,0,0,0,0,1,0
1,1,398000,744,1923.06,276.63,0,1,0,0,0,1,0,0.0,0,0,1,0,0,0,1,0,0,0,0,0,0,0,0,0,0,0,0,0,0,0,0,0,0,1,0,0,0,0,0,0,0,1,0
2,3,560000,1229,2418.28,369.96,0,0,0,0,0,0,0,1.0,0,1,1,0,0,1,0,0,0,0,0,0,0,0,0,0,0,0,0,0,0,0,0,0,0,1,0,0,0,0,0,0,0,1,0
1,1,445000,707,1938.65,207.33,0,0,0,0,0,1,0,0.0,0,0,1,0,0,1,0,0,0,0,0,0,0,0,0,0,0,0,0,0,0,0,0,0,0,1,0,0,0,0,0,0,0,1,0
2,2,507500,982,2422.36,392.0,0,0,0,0,0,0,0,0.0,0,1,1,0,0,1,0,0,0,0,0,0,0,0,0,0,0,0,0,0,0,0,0,0,0,1,0,0,0,0,0,0,0,1,0
2,2,588000,855,2396.23,342.97,0,0,0,1,0,0,0,0.0,0,1,1,0,0,1,0,0,0,0,0,0,0,0,0,0,0,0,0,0,0,0,0,0,0,1,0,0,0,0,1,0,0,0,0
2,2,600000,820,2312.36,360.0,0,0,0,1,0,0,0,0.0,0,0,1,0,0,0,1,0,0,0,0,0,0,0,0,0,0,0,0,0,0,0,0,0,0,1,0,0,0,0,1,0,0,0,0
2,2,588000,913,2366.36,444.0,0,0,0,0,0,0,0,0.0,0,0,1,0,0,0,1,0,0,0,0,0,0,0,0,0,0,0,0,0,0,0,0,0,0,1,0,0,0,0,1,0,0,0,0
1,1,500000,770,2099.53,314.84,0,1,0,1,0,0,0,0.0,0,1,1,0,0,1,0,0,0,0,0,0,0,0,0,0,0,0,0,0,0,0,0,0,0,1,0,0,0,0,0,0,0,1,0
1,1,430000,754,1972.81,305.84,0,0,0,0,0,0,0,0.0,0,1,1,0,0,1,0,0,0,0,0,0,0,0,0,0,0,0,0,0,0,0,0,0,0,1,0,0,0,0,0,0,0,1,0
2,2,598000,792,2418.78,273.76,1,0,0,1,0,0,0,0.0,0,1,1,0,0,1,0,0,0,0,0,0,0,0,0,0,0,0,0,0,0,0,0,0,0,1,0,0,0,0,0,0,1,0,0
1,1,465000,616,2111.95,210.87,0,0,0,0,0,1,0,0.0,0,1,1,1,0,1,0,0,0,0,0,0,0,0,0,0,0,0,0,0,0,0,0,0,0,1,0,0,0,0,0,0,1,0,0
2,2,574000,796,1726.24,267.0,0,1,0,0,0,0,0,0.0,0,1,1,0,0,1,0,0,0,0,0,0,0,0,0,0,0,0,0,0,0,0,0,0,0,1,0,0,0,0,0,0,1,0,0
2,2,598000,842,2462.0,337.64,0,0,0,0,0,0,0,0.0,0,1,1,0,0,1,0,0,0,0,0,0,0,0,0,0,0,0,0,0,0,0,0,0,0,1,0,0,0,0,1,0,0,0,0
2,2,515000,710,2203.51,299.0,0,0,0,0,0,0,0,0.0,0,1,1,0,0,0,1,0,0,0,0,0,0,0,0,0,0,0,0,0,0,0,0,0,0,1,0,0,0,0,1,0,0,0,0
2,2,568000,706,2030.4,264.0,0,0,0,0,0,1,0,0.0,0,1,1,0,0,0,1,0,0,0,0,0,0,0,0,0,0,0,0,0,0,0,0,0,0,1,0,0,0,0,1,0,0,0,0
2,2,585000,842,2388.17,369.9,0,0,0,1,0,0,0,0.0,0,1,1,0,0,1,0,0,0,0,0,0,0,0,0,0,0,0,0,0,0,0,0,0,0,1,0,0,0,0,1,0,0,0,0
2,2,588500,812,2371.0,355.67,0,0,0,1,0,0,0,0.0,0,1,1,0,0,0,1,0,0,0,0,0,0,0,0,0,0,0,0,0,0,0,0,0,0,1,0,0,0,0,1,0,0,0,0
2,2,592000,841,2396.7,355.67,0,0,0,1,0,1,0,0.0,0,1,1,1,0,1,0,0,0,0,0,0,0,0,0,0,0,0,0,0,0,0,0,0,0,1,0,0,0,0,0,0,0,1,0
2,1,404000,889,1936.6,435.73,1,0,0,0,0,0,0,0.0,0,1,1,0,0,1,0,0,0,0,1,0,0,0,0,0,0,0,0,0,0,0,0,0,0,0,0,0,0,0,0,0,0,1,0
1,1,340000,673,1759.01,351.14,0,0,0,1,0,0,0,0.0,0,0,1,0,0,0,1,0,0,0,0,0,0,0,0,0,0,0,0,0,0,0,0,0,0,0,1,0,0,0,0,0,0,0,1
3,3,560000,1422,2318.61,498.87,0,0,0,0,0,0,0,1.0,0,0,1,0,0,0,1,0,0,0,0,0,0,0,0,0,1,0,0,0,0,0,0,0,0,0,0,0,0,0,0,0,0,0,1
2,2,595000,1335,2426.46,290.53,0,0,0,0,0,0,0,1.0,0,1,1,0,0,1,0,0,0,0,0,0,0,0,0,0,1,0,0,0,0,0,0,0,0,0,0,0,0,0,0,0,0,0,1
1,1,511000,685,2167.92,244.41,0,0,0,0,0,0,1,0.0,0,1,1,0,0,0,1,0,0,0,0,0,0,0,0,0,0,0,0,0,0,0,0,0,0,0,1,0,0,0,0,1,0,0,0
1,1,395000,678,1757.95,273.62,0,0,0,0,0,0,0,0.0,0,1,1,0,0,0,1,0,0,0,0,0,0,0,0,0,0,0,0,0,0,0,0,0,0,0,1,0,0,0,0,0,0,1,0
2,1,427000,896,1171.0,312.1,0,0,0,0,0,0,0,0.0,0,1,1,0,0,1,0,0,0,0,1,0,0,0,0,0,0,0,0,0,0,0,0,0,0,0,0,0,0,0,0,0,0,1,0
2,1,415000,886,1788.82,310.21,0,0,0,0,1,0,0,0.0,0,1,1,0,0,1,0,0,0,0,1,0,0,0,0,0,0,0,0,0,0,0,0,0,0,0,0,0,0,0,0,0,0,0,1
2,1,373000,876,1721.77,306.0,1,0,0,0,0,0,0,0.0,0,1,1,0,0,1,0,0,0,0,1,0,0,0,0,0,0,0,0,0,0,0,0,0,0,0,0,0,0,0,0,0,0,1,0
2,2,470000,857,1504.6,259.09,0,0,0,0,0,0,0,0.0,0,1,1,0,0,0,1,0,0,0,1,0,0,0,0,0,0,0,0,0,0,0,0,0,0,0,0,0,0,0,1,0,0,0,0
2,2,525000,938,1628.93,283.51,0,0,0,0,0,1,0,0.0,0,1,1,0,0,0,1,0,0,0,1,0,0,0,0,0,0,0,0,0,0,0,0,0,0,0,0,0,0,0,0,0,0,1,0
2,2,488000,800,2077.79,241.84,0,0,0,0,0,0,0,0.0,0,1,1,0,0,1,0,0,0,0,1,0,0,0,0,0,0,0,0,0,0,0,0,0,0,0,0,0,0,0,1,0,0,0,0
2,1,410000,864,1861.8,385.0,0,1,0,0,0,0,0,0.0,0,1,1,0,0,0,1,0,0,0,1,0,0,0,0,0,0,0,0,0,0,0,0,0,0,0,0,0,0,0,0,0,0,0,1
1,1,340000,662,1599.69,294.13,1,0,0,0,0,0,1,0.0,0,1,1,0,0,1,0,0,0,0,1,0,0,0,0,0,0,0,0,0,0,0,0,0,0,0,0,0,0,0,0,0,0,0,1
1,1,360000,660,1616.47,293.18,0,0,0,0,0,0,1,0.0,0,1,1,0,0,1,0,0,0,0,1,0,0,0,0,0,0,0,0,0,0,0,0,0,0,0,0,0,0,0,0,0,0,0,1
2,1,365000,733,1686.23,325.7,0,0,0,1,0,0,0,0.0,0,1,1,0,0,1,0,0,0,0,1,0,0,0,0,0,0,0,0,0,0,0,0,0,0,0,0,0,0,0,0,0,0,1,0
2,1,400000,767,1139.72,341.0,1,0,0,0,1,0,0,0.0,0,1,1,0,0,1,0,0,0,0,1,0,0,0,0,0,0,0,0,0,0,0,0,0,0,0,0,0,0,0,0,0,0,0,1
2,1,400500,878,1905.84,382.61,0,0,0,0,0,0,0,0.0,0,1,1,0,0,1,0,0,0,0,1,0,0,0,0,0,0,0,0,0,0,0,0,0,0,0,0,0,0,0,0,0,0,0,1
2,2,530000,868,2279.24,360.43,0,0,0,0,0,0,0,0.0,0,1,1,0,0,1,0,0,0,0,0,0,0,0,0,0,1,0,0,0,0,0,0,0,0,0,0,0,0,0,1,0,0,0,0
1,1,465000,783,2120.14,348.86,0,0,0,0,0,0,1,0.0,0,1,1,0,0,1,0,0,0,0,0,0,0,0,0,0,1,0,0,0,0,0,0,0,0,0,0,0,0,0,1,0,0,0,0
2,2,525000,866,2313.35,360.43,0,0,0,0,0,0,0,0.0,0,1,1,0,0,1,0,0,0,0,0,0,0,0,0,0,1,0,0,0,0,0,0,0,0,0,0,0,0,0,1,0,0,0,0
3,2,515000,1192,2323.11,452.24,0,0,0,0,0,0,0,1.0,0,1,0,0,0,0,1,0,0,0,0,0,0,0,0,0,1,0,0,0,0,0,0,0,0,0,0,0,0,0,0,0,0,1,0
1,1,395000,776,1874.21,299.77,0,0,0,0,0,1,0,0.0,0,1,0,0,0,0,1,0,0,0,0,0,0,0,0,0,1,0,0,0,0,0,0,0,0,0,0,0,0,0,0,0,0,1,0
2,2,430000,880,1814.55,396.83,0,0,0,1,0,0,0,0.0,0,1,0,0,0,1,0,0,0,0,0,0,0,0,0,0,1,0,0,0,0,0,0,0,0,0,0,0,0,0,0,0,0,1,0
2,2,436000,878,1211.8,396.83,0,0,0,0,0,0,1,0.0,0,1,0,0,0,0,1,0,0,0,0,0,0,0,0,0,1,0,0,0,0,0,0,0,0,0,0,0,0,0,0,0,0,1,0
2,2,447500,855,1902.64,416.74,0,0,0,0,0,0,1,0.0,0,1,0,0,0,1,0,0,0,0,0,0,0,0,0,0,1,0,0,0,0,0,0,0,0,0,0,0,0,0,0,0,0,1,0
2,2,450000,874,1859.99,396.82,0,0,0,0,0,1,0,0.0,0,1,0,0,0,1,0,0,0,0,0,0,0,0,0,0,1,0,0,0,0,0,0,0,0,0,0,0,0,0,0,0,0,1,0
3,2,585000,1443,2879.64,681.95,0,0,0,0,0,0,0,1.0,0,1,1,0,0,1,0,0,0,0,0,0,0,0,0,0,1,0,0,0,0,0,0,0,0,0,0,0,0,0,0,0,0,1,0
1,1,413000,821,1905.17,368.18,0,0,0,0,0,0,1,0.0,0,1,0,0,0,1,0,0,0,0,0,0,0,0,0,0,1,0,0,0,0,0,0,0,0,0,0,0,0,0,0,0,0,1,0
1,1,460000,779,1930.73,368.18,0,0,0,0,0,0,1,0.0,0,1,0,1,0,1,0,0,0,0,0,0,0,0,0,0,1,0,0,0,0,0,0,0,0,0,0,0,0,0,0,0,0,1,0
2,2,460000,920,1976.18,291.2,0,0,0,0,0,1,0,0.0,0,1,0,0,0,0,1,0,0,0,0,0,0,0,0,0,1,0,0,0,0,0,0,0,0,0,0,0,0,0,0,0,0,1,0
2,2,495000,910,2169.37,287.81,0,0,0,0,0,1,0,0.0,0,1,0,0,0,0,1,0,0,0,0,0,0,0,0,0,1,0,0,0,0,0,0,0,0,0,0,0,0,0,0,0,0,1,0
2,2,480500,1224,1448.84,605.95,0,0,0,0,0,1,0,0.0,0,0,1,0,0,0,1,0,0,0,0,0,0,0,0,0,1,0,0,0,0,0,0,0,0,0,0,0,0,0,0,0,0,0,1
1,1,305000,682,1592.18,314.9,0,0,0,0,0,0,1,0.0,0,0,1,0,0,1,0,0,0,0,0,0,0,0,0,0,1,0,0,0,0,0,0,0,0,0,0,0,0,0,0,0,0,0,1
2,1,410000,929,1248.0,438.96,0,0,0,0,0,0,0,0.0,0,0,1,0,0,1,0,0,0,0,0,0,0,0,0,0,1,0,0,0,0,0,0,0,0,0,0,0,0,0,0,0,0,0,1
2,1,413500,914,1840.49,357.91,0,0,0,0,0,1,0,0.0,0,1,1,0,0,1,0,0,0,0,0,0,0,0,0,0,1,0,0,0,0,0,0,0,0,0,0,0,0,0,0,0,0,0,1
2,1,435000,929,1890.23,368.0,0,1,0,0,0,1,0,0.0,0,0,1,0,0,1,0,0,0,0,0,0,0,0,0,0,1,0,0,0,0,0,0,0,0,0,0,0,0,0,0,0,0,0,1
2,2,515000,954,2095.72,318.79,0,0,0,0,0,0,1,0.0,0,1,1,0,0,1,0,0,0,0,0,0,0,0,0,0,1,0,0,0,0,0,0,0,0,0,0,0,0,0,0,0,0,1,0
1,1,410000,799,1868.42,282.13,0,0,0,0,0,0,0,0.0,0,1,0,0,0,0,1,0,0,0,0,0,0,0,0,0,1,0,0,0,0,0,0,0,0,0,0,0,0,0,0,0,0,1,0
2,2,461000,863,1943.0,306.82,0,0,0,1,0,0,0,0.0,0,1,1,1,0,1,0,0,0,0,0,0,0,0,0,0,1,0,0,0,0,0,0,0,0,0,0,0,0,0,0,0,0,1,0
2,2,480000,889,1976.39,314.46,0,0,0,1,0,0,0,0.0,0,1,1,0,0,0,1,0,0,0,0,0,0,0,0,0,1,0,0,0,0,0,0,0,0,0,0,0,0,0,0,0,0,1,0
2,2,489000,911,2004.81,323.0,0,0,0,0,0,1,0,0.0,0,1,0,0,0,0,1,0,0,0,0,0,0,0,0,0,1,0,0,0,0,0,0,0,0,0,0,0,0,0,0,0,0,1,0
3,2,560000,1240,2180.83,468.3,0,0,0,1,0,1,0,0.0,0,1,1,0,0,1,0,0,0,0,0,0,0,0,0,0,1,0,0,0,0,0,0,0,0,0,0,0,0,0,0,0,0,0,1
2,1,380000,898,1879.39,379.11,1,0,0,0,0,0,0,0.0,0,1,1,0,0,0,1,0,0,0,0,0,0,0,0,0,1,0,0,0,0,0,0,0,0,0,0,0,0,0,0,0,0,0,1
2,1,395000,936,1966.6,379.11,0,0,0,0,0,0,0,0.0,0,1,1,0,0,0,1,0,0,0,0,0,0,0,0,0,1,0,0,0,0,0,0,0,0,0,0,0,0,0,0,0,0,0,1
3,2,525000,1167,1544.63,470.77,1,0,0,1,0,0,0,0.0,0,1,1,0,0,1,0,0,0,0,0,0,0,0,0,0,1,0,0,0,0,0,0,0,0,0,0,0,0,0,0,0,0,0,1
2,2,430000,949,2034.59,475.31,0,0,0,0,0,0,1,0.0,0,0,1,0,0,1,0,0,0,0,0,0,0,0,0,0,0,0,0,0,0,0,0,0,0,0,1,0,0,0,0,0,0,0,1
1,1,359000,673,1699.02,344.7,0,0,0,0,0,1,0,0.0,0,0,1,0,0,1,0,0,0,0,0,0,0,0,0,0,0,0,0,0,0,0,0,0,0,0,1,0,0,0,0,0,0,0,1
2,2,465000,1198,2282.62,568.45,0,0,0,1,0,0,0,0.0,0,0,0,0,0,1,0,0,0,0,0,0,0,0,0,0,0,0,0,0,0,0,0,0,0,0,1,0,0,0,0,0,0,0,1
1,1,340000,622,1776.35,367.61,0,0,0,1,0,1,0,0.0,0,0,0,0,1,1,0,0,0,0,0,0,0,0,0,0,0,0,0,0,0,0,0,0,0,0,1,0,0,0,0,0,0,0,1
1,1,375000,747,1961.02,400.93,0,0,0,1,0,1,0,0.0,0,0,1,0,0,1,0,0,0,0,0,0,0,0,0,0,0,0,0,0,0,0,0,0,0,0,1,0,0,0,0,0,0,0,1
3,3,581000,1130,2149.82,479.89,0,0,0,0,0,0,0,0.0,0,1,1,0,0,0,1,0,0,0,0,0,0,0,0,0,1,0,0,0,0,0,0,0,0,0,0,0,0,0,0,0,0,0,1
3,2,473500,1110,1426.0,475.59,1,0,0,1,0,0,0,0.0,0,0,1,0,0,1,0,0,0,0,0,0,0,0,0,0,1,0,0,0,0,0,0,0,0,0,0,0,0,0,0,0,0,0,1
3,2,545000,1120,2391.33,479.89,0,1,0,0,0,1,0,0.0,0,1,1,0,0,1,0,0,0,0,0,0,0,0,0,0,1,0,0,0,0,0,0,0,0,0,0,0,0,0,0,0,0,0,1
2,2,470000,995,1980.77,392.49,0,0,0,1,0,0,0,0.0,0,0,0,0,0,1,0,0,0,0,0,0,0,0,0,0,0,0,0,0,0,0,0,0,0,0,1,0,0,0,0,0,0,0,1
1,1,405000,741,1801.79,301.1,0,0,0,1,0,1,0,0.0,0,0,0,0,0,1,0,0,0,0,0,0,0,0,0,0,0,0,0,0,0,0,0,0,0,0,1,0,0,0,0,0,0,0,1
2,1,415000,874,2021.4,323.03,0,0,0,1,0,1,0,0.0,0,1,0,0,0,0,1,0,0,0,0,0,0,0,0,0,0,0,0,0,0,0,0,0,0,0,1,0,0,0,0,0,0,1,0
3,2,480000,1135,1373.3,484.12,0,0,0,0,0,0,0,1.0,0,1,1,0,0,1,0,0,0,0,0,0,0,0,0,0,0,0,0,0,0,0,0,1,0,0,0,0,0,0,0,0,0,1,0
3,2,579500,1457,2136.97,361.61,0,0,0,0,0,0,0,1.0,0,1,1,0,0,1,0,0,0,0,0,0,0,0,0,0,0,0,0,0,0,0,0,1,0,0,0,0,0,0,0,0,0,0,1
1,1,410000,724,1603.12,295.86,0,0,0,0,0,0,0,1.0,0,1,1,0,0,0,1,0,0,0,0,0,0,0,0,0,0,0,0,0,0,0,0,1,0,0,0,0,0,0,0,0,0,0,1
3,3,432500,1061,2028.53,506.46,0,0,0,0,0,0,0,1.0,0,1,1,0,0,1,0,0,0,0,0,0,0,0,0,0,0,0,0,0,0,0,0,1,0,0,0,0,0,0,0,0,0,0,1
2,1,350000,896,1516.35,422.14,0,0,0,0,0,0,0,1.0,0,1,1,0,0,1,0,0,0,0,0,0,0,0,0,0,0,0,0,0,0,0,0,1,0,0,0,0,0,0,0,0,0,0,1
2,1,401000,830,1852.35,402.19,0,0,0,0,0,0,0,0.0,0,1,1,0,0,1,0,0,0,0,0,0,0,0,0,0,0,0,0,0,0,0,0,1,0,0,0,0,0,0,0,0,0,0,1
3,3,408000,1045,2117.49,506.47,0,0,0,0,0,0,0,1.0,0,1,1,0,0,1,0,0,0,0,0,0,0,0,0,0,0,0,0,0,0,0,0,1,0,0,0,0,0,0,0,0,0,0,1
3,3,421000,987,2048.41,478.32,1,0,0,0,0,0,0,0.0,0,1,1,0,0,1,0,0,0,0,0,0,0,0,0,0,0,0,0,0,0,0,0,1,0,0,0,0,0,0,0,0,0,0,1
3,2,560000,1293,2313.76,398.89,0,0,0,0,0,0,0,1.0,0,1,1,0,0,1,0,0,0,0,0,0,0,0,0,1,0,0,0,0,0,0,0,0,0,0,0,0,0,0,0,0,0,1,0
3,2,538000,1211,2234.56,364.0,0,0,0,0,0,0,0,1.0,0,1,1,0,0,0,1,0,0,0,0,0,0,0,0,1,0,0,0,0,0,0,0,0,0,0,0,0,0,0,0,0,0,1,0
2,1,438000,958,2102.72,217.71,0,0,0,0,0,0,0,1.0,0,1,1,0,0,1,0,0,0,0,0,0,0,0,0,1,0,0,0,0,0,0,0,0,0,0,0,0,0,0,0,0,0,1,0
2,1,490000,957,2116.92,217.71,0,0,0,0,0,0,0,1.0,0,1,1,0,0,0,1,0,0,0,0,0,0,0,0,1,0,0,0,0,0,0,0,0,0,0,0,0,0,0,0,0,0,1,0
2,1,489000,969,2076.01,220.0,0,0,0,0,0,0,0,1.0,0,1,0,0,0,1,0,0,0,0,0,0,0,0,0,1,0,0,0,0,0,0,0,0,0,0,0,0,0,0,0,0,0,1,0
3,3,529000,1154,2281.1,321.99,0,0,0,0,0,0,0,1.0,0,1,1,0,0,1,0,0,0,0,0,0,0,0,0,1,0,0,0,0,0,0,0,0,0,0,0,0,0,0,0,0,0,0,1
1,1,309000,440,1781.0,214.96,0,0,0,0,0,1,0,0.0,0,1,1,0,0,1,0,0,0,0,0,0,0,0,0,0,0,0,0,0,0,0,0,0,1,0,0,0,0,0,0,0,1,0,0
2,2,540000,873,2307.59,351.81,0,0,0,0,0,1,0,0.0,0,1,1,0,0,1,0,0,0,0,0,0,0,0,0,0,0,0,0,0,0,0,0,0,1,0,0,0,0,0,0,1,0,0,0
2,2,585110,1136,1789.16,290.33,0,0,0,0,0,0,0,1.0,0,1,1,0,0,0,1,0,0,0,0,0,0,0,0,0,0,0,0,0,0,0,0,0,1,0,0,0,0,0,1,0,0,0,0
3,2,578000,1116,2288.08,452.97,0,0,0,0,0,0,0,0.0,0,1,1,1,0,0,1,0,0,0,0,0,0,0,0,0,0,0,0,0,0,0,0,0,1,0,0,0,0,0,1,0,0,0,0
1,1,472000,661,1056.41,266.43,0,0,0,0,1,1,0,0.0,0,1,1,0,0,1,0,0,0,0,0,0,0,0,0,0,0,0,0,0,0,0,0,0,1,0,0,0,0,0,0,1,0,0,0
1,1,423000,584,935.18,235.85,0,0,0,0,0,0,0,0.0,0,1,1,0,0,1,0,0,0,0,0,0,0,0,0,0,0,0,0,0,0,0,0,0,1,0,0,0,0,0,0,1,0,0,0
1,1,442000,750,1907.65,236.3,0,0,0,0,0,0,1,0.0,0,1,1,0,0,0,1,0,0,0,0,0,0,0,0,0,0,0,0,0,0,0,0,0,1,0,0,0,0,0,0,0,1,0,0
1,1,300000,408,1526.56,190.58,0,0,0,0,0,1,0,0.0,0,1,1,0,0,0,1,0,0,0,0,0,0,0,0,0,0,0,0,0,0,0,0,0,1,0,0,0,0,0,1,0,0,0,0
1,1,295000,440,1549.28,200.61,0,0,1,0,0,0,0,0.0,0,1,1,0,0,1,0,0,0,0,0,0,0,0,0,0,0,0,0,0,0,0,0,0,1,0,0,0,0,0,1,0,0,0,0
1,1,298000,434,1554.97,200.61,0,0,1,0,0,0,0,0.0,0,1,1,0,0,1,0,0,0,0,0,0,0,0,0,0,0,0,0,0,0,0,0,0,1,0,0,0,0,0,1,0,0,0,0
2,2,520000,838,2334.54,357.04,0,0,0,1,0,1,0,0.0,0,1,1,0,0,0,1,0,0,0,0,0,0,0,0,0,0,0,0,0,0,0,0,0,1,0,0,0,0,0,1,0,0,0,0
2,2,495000,840,2138.49,370.11,0,0,0,0,0,1,1,0.0,0,1,1,0,0,1,0,0,0,0,0,0,0,0,0,0,0,0,0,0,0,0,0,0,1,0,0,0,0,0,1,0,0,0,0
2,2,470000,958,2213.98,321.77,0,0,0,1,0,0,0,0.0,0,1,1,0,0,1,0,0,0,0,0,0,0,0,0,0,0,0,0,0,0,0,0,0,1,0,0,0,0,0,1,0,0,0,0
2,2,530000,941,2165.66,310.93,1,0,0,0,0,0,0,0.0,0,1,1,0,0,1,0,0,0,0,0,0,0,0,0,0,0,0,0,0,0,0,0,0,1,0,0,0,0,0,1,0,0,0,0
2,2,518000,888,2196.08,360.61,0,0,0,0,0,0,0,0.0,0,1,1,0,0,0,1,0,0,0,0,0,0,0,0,0,0,0,0,0,0,0,0,0,1,0,0,0,0,0,0,0,1,0,0
2,2,490000,932,2145.78,310.93,1,0,0,0,0,0,0,0.0,0,1,1,0,0,0,1,0,0,0,0,0,0,0,0,0,0,0,0,0,0,0,0,0,1,0,0,0,0,0,1,0,0,0,0
1,1,418000,664,1992.66,290.18,0,0,0,0,0,0,0,0.0,0,1,1,0,0,1,0,0,0,0,0,0,0,0,0,0,0,0,0,0,0,0,0,0,1,0,0,0,0,0,0,1,0,0,0
1,1,420000,646,1967.09,285.27,1,0,0,0,0,0,0,0.0,0,1,1,0,0,1,0,0,0,0,0,0,0,0,0,0,0,0,0,0,0,0,0,0,1,0,0,0,0,0,0,1,0,0,0
1,1,435000,678,2086.43,309.86,0,0,0,0,0,0,0,0.0,0,1,1,0,0,1,0,0,0,0,0,0,0,0,0,0,0,0,0,0,0,0,0,0,1,0,0,0,0,0,0,1,0,0,0
1,1,437500,678,2086.43,309.86,0,0,0,0,0,0,0,0.0,0,1,1,0,0,1,0,0,0,0,0,0,0,0,0,0,0,0,0,0,0,0,0,0,1,0,0,0,0,0,0,1,0,0,0
1,1,449000,676,2086.43,309.86,0,0,0,0,0,0,0,0.0,0,1,1,0,0,1,0,0,0,0,0,0,0,0,0,0,0,0,0,0,0,0,0,0,1,0,0,0,0,0,0,1,0,0,0
2,1,490000,754,2217.12,340.0,0,0,0,0,0,1,0,0.0,0,1,1,0,0,1,0,0,0,0,0,0,0,0,0,0,0,0,0,0,0,0,0,0,1,0,0,0,0,0,0,1,0,0,0
2,1,595000,1134,2565.99,464.09,0,0,0,0,0,0,0,0.0,0,0,1,0,0,1,0,0,0,0,0,0,0,0,0,0,0,0,0,0,0,1,0,0,0,0,0,0,0,0,1,0,0,0,0
2,1,590000,1111,2547.5,345.35,0,0,0,0,0,1,1,0.0,0,0,1,0,0,0,1,0,0,0,0,0,0,0,0,0,0,0,0,0,0,1,0,0,0,0,0,0,0,0,0,0,0,1,0
2,2,550000,974,2295.64,267.24,0,0,0,1,0,0,0,0.0,0,1,0,0,0,0,1,0,0,0,0,0,0,0,1,0,0,0,0,0,0,0,0,0,0,0,0,0,0,0,0,0,0,1,0
1,1,470000,714,2255.68,200.0,0,1,0,0,0,0,0,0.0,0,0,0,0,1,1,0,0,0,0,0,0,0,0,0,0,0,0,0,1,0,0,0,0,0,0,0,0,0,0,0,0,1,0,0
2,2,593000,769,2259.09,217.0,0,0,0,1,0,0,0,0.0,0,1,1,0,0,0,1,0,0,0,0,0,0,0,0,0,0,0,0,1,0,0,0,0,0,0,0,0,0,0,0,1,0,0,0
2,1,545000,789,2545.59,287.0,0,0,0,1,0,1,0,0.0,0,1,1,0,0,1,0,0,0,0,0,0,0,0,1,0,0,0,0,0,0,0,0,0,0,0,0,0,0,0,1,0,0,0,0
1,1,520000,555,2217.82,179.24,0,0,0,0,0,0,1,0.0,0,1,1,0,0,0,1,0,0,0,0,0,0,0,1,0,0,0,0,0,0,0,0,0,0,0,0,0,0,0,0,0,1,0,0
1,1,528000,918,2245.3,340.46,0,0,0,0,0,0,1,0.0,0,0,0,1,0,1,0,0,0,0,0,0,0,0,1,0,0,0,0,0,0,0,0,0,0,0,0,0,0,0,0,0,0,1,0
1,1,593000,622,2531.74,281.83,0,0,0,0,0,0,1,0.0,0,1,1,0,0,0,1,0,0,0,0,0,0,0,0,0,0,0,0,1,0,0,0,0,0,0,0,0,0,0,0,1,0,0,0
1,1,403000,739,1682.0,247.0,0,0,0,0,0,1,1,0.0,0,1,1,0,0,0,1,0,0,0,0,0,1,0,0,0,0,0,0,0,0,0,0,0,0,0,0,0,0,0,0,0,0,0,1
2,1,535500,715,2138.72,258.95,0,0,0,1,0,0,0,0.0,0,1,0,0,0,1,0,0,0,0,0,0,0,0,1,0,0,0,0,0,0,0,0,0,0,0,0,0,0,0,1,0,0,0,0
1,1,445000,595,2029.07,172.55,0,1,0,0,0,0,0,0.0,0,1,1,0,0,1,0,0,0,0,0,0,0,0,0,0,0,0,0,1,0,0,0,0,0,0,0,0,0,0,0,0,1,0,0
2,2,573000,800,2367.16,232.16,0,0,0,0,0,0,1,0.0,0,1,1,0,0,1,0,0,0,0,0,0,0,0,0,0,0,0,0,1,0,0,0,0,0,0,0,0,0,0,0,0,1,0,0
1,1,465000,620,2142.1,192.54,0,1,0,0,0,1,0,0.0,0,1,1,0,0,1,0,0,0,0,0,0,0,0,0,0,0,0,0,1,0,0,0,0,0,0,0,0,0,0,0,1,0,0,0
2,2,600000,907,1778.91,382.86,0,0,0,0,0,1,1,0.0,0,1,1,0,0,0,1,0,0,0,0,0,0,0,0,0,0,0,0,1,0,0,0,0,0,0,0,0,0,0,0,0,1,0,0
1,1,438000,619,1980.5,265.0,0,0,0,0,0,0,1,0.0,0,1,1,0,0,1,0,0,0,0,0,0,0,0,0,0,0,0,0,1,0,0,0,0,0,0,0,0,0,0,0,0,1,0,0
1,1,460000,645,2018.86,273.48,0,0,0,0,0,0,1,0.0,0,1,1,0,0,1,0,0,0,0,0,0,0,0,0,0,0,0,0,1,0,0,0,0,0,0,0,0,0,0,0,0,1,0,0
2,1,520000,1085,2349.84,315.24,0,0,0,0,0,0,1,0.0,0,1,1,0,0,1,0,0,0,0,0,0,0,0,0,0,0,0,0,1,0,0,0,0,0,0,0,0,0,0,0,0,0,1,0
2,1,463000,1012,2003.21,293.35,0,0,0,0,0,0,0,0.0,0,0,1,0,0,0,1,0,0,0,0,0,0,0,0,0,0,0,0,1,0,0,0,0,0,0,0,0,0,0,0,0,0,1,0
2,1,490000,1057,2153.79,298.66,0,0,0,1,0,0,0,0.0,0,1,1,0,0,1,0,0,0,0,0,0,0,0,0,0,0,0,0,1,0,0,0,0,0,0,0,0,0,0,0,0,0,1,0
2,1,500000,1190,2582.79,345.99,0,0,0,0,0,1,0,0.0,0,0,1,0,0,1,0,0,0,0,0,0,0,0,0,0,0,0,0,1,0,0,0,0,0,0,0,0,0,0,0,0,0,1,0
1,1,565000,548,1802.19,174.17,0,0,0,0,0,0,0,0.0,0,1,1,0,0,0,1,0,0,0,0,0,0,0,0,0,0,0,0,1,0,0,0,0,0,0,0,0,0,0,0,1,0,0,0
1,1,530500,503,2349.84,160.51,0,0,0,0,0,1,0,0.0,0,1,1,0,0,1,0,0,0,0,0,0,0,0,0,0,0,0,0,1,0,0,0,0,0,0,0,0,0,0,0,1,0,0,0
1,1,546000,512,2236.2,163.92,0,0,0,0,0,0,0,0.0,0,1,1,0,0,0,1,0,0,0,0,0,0,0,0,0,0,0,0,1,0,0,0,0,0,0,0,0,0,0,0,1,0,0,0
1,1,588000,611,2281.64,216.27,0,0,0,0,0,0,0,0.0,0,1,1,0,0,1,0,0,0,0,0,0,0,0,0,0,0,0,0,1,0,0,0,0,0,0,0,0,0,0,0,1,0,0,0
1,1,540000,540,2290.18,193.1,0,0,0,0,0,0,0,0.0,0,1,1,0,0,1,0,0,0,0,0,0,0,0,0,0,0,0,0,1,0,0,0,0,0,0,0,0,0,0,0,1,0,0,0
1,1,562388,540,2369.73,193.1,0,0,0,0,0,0,0,0.0,0,0,0,0,1,0,1,0,0,0,0,0,0,0,0,0,0,0,0,1,0,0,0,0,0,0,0,0,0,0,0,1,0,0,0
1,1,575000,540,2344.16,193.1,0,0,0,0,0,1,0,0.0,0,1,1,0,0,1,0,0,0,0,0,0,0,0,0,0,0,0,0,1,0,0,0,0,0,0,0,0,0,0,0,1,0,0,0
2,2,600000,1070,2559.0,450.0,0,0,0,0,0,0,0,0.0,0,0,0,0,0,0,1,0,0,0,0,0,0,0,1,0,0,0,0,0,0,0,0,0,0,0,0,0,0,0,0,0,0,1,0
1,1,470000,816,2029.69,300.0,0,0,0,0,0,0,0,0.0,0,0,0,0,0,1,0,0,0,0,0,0,0,0,1,0,0,0,0,0,0,0,0,0,0,0,0,0,0,0,0,0,0,1,0
1,1,576000,588,2267.14,234.04,0,0,0,0,0,0,0,0.0,0,1,1,0,0,0,1,0,0,0,0,0,0,0,0,0,0,0,0,1,0,0,0,0,0,0,0,0,0,0,0,1,0,0,0
1,1,503000,513,2108.04,200.0,0,0,0,0,0,0,0,0.0,0,1,1,0,0,1,0,0,0,0,0,0,0,0,0,0,0,0,0,1,0,0,0,0,0,0,0,0,0,0,0,1,0,0,0
1,1,531500,769,2351.37,226.54,0,0,0,1,0,1,0,0.0,0,1,1,0,0,0,1,0,0,0,0,0,0,0,1,0,0,0,0,0,0,0,0,0,0,0,0,0,0,0,0,0,0,1,0
1,1,423000,686,2081.47,195.92,0,0,0,0,0,0,0,0.0,0,1,1,0,0,1,0,0,0,0,0,0,0,0,1,0,0,0,0,0,0,0,0,0,0,0,0,0,0,0,0,0,0,1,0
1,1,471000,700,2092.83,197.13,0,0,0,0,0,0,1,0.0,0,1,1,0,0,1,0,0,0,0,0,0,0,0,1,0,0,0,0,0,0,0,0,0,0,0,0,0,0,0,0,0,0,1,0
1,1,480000,769,1446.83,226.54,0,0,0,1,0,0,0,0.0,0,1,1,0,0,0,1,0,0,0,0,0,0,0,1,0,0,0,0,0,0,0,0,0,0,0,0,0,0,0,0,0,0,1,0
1,1,503000,705,2200.8,198.34,0,0,0,0,0,1,0,0.0,0,1,1,0,0,1,0,0,0,0,0,0,0,0,1,0,0,0,0,0,0,0,0,0,0,0,0,0,0,0,0,0,0,1,0
2,1,570000,913,2454.44,235.0,1,0,0,1,0,0,0,0.0,0,1,1,0,0,1,0,0,0,0,0,0,0,0,0,0,0,0,0,1,0,0,0,0,0,0,0,0,0,0,1,0,0,0,0
1,1,425000,703,1879.4,281.33,0,0,0,0,0,0,1,0.0,0,1,1,0,0,1,0,0,0,0,0,0,0,0,0,0,0,0,0,1,0,0,0,0,0,0,0,0,0,0,1,0,0,0,0
0,1,320000,474,1487.13,205.07,0,0,0,0,0,0,0,0.0,0,1,1,0,0,1,0,0,0,0,0,0,0,0,0,0,0,0,0,1,0,0,0,0,0,0,0,0,0,0,0,0,0,1,0
2,2,560000,1030,2408.24,358.43,0,0,0,1,0,0,0,0.0,0,1,1,0,0,0,1,0,0,0,0,0,0,0,0,0,0,0,0,1,0,0,0,0,0,0,0,0,0,0,1,0,0,0,0
2,2,519000,1002,2250.67,411.01,0,0,0,0,0,0,0,0.0,0,0,0,0,0,1,0,0,0,0,0,0,0,0,0,0,0,0,0,1,0,0,0,0,0,0,0,0,0,0,0,0,0,1,0
2,2,545000,808,2339.21,361.08,0,0,0,0,0,0,0,0.0,0,1,1,0,1,1,0,0,0,0,0,0,0,0,0,0,0,0,0,1,0,0,0,0,0,0,0,0,0,0,0,0,1,0,0
1,1,460000,611,2046.57,239.4,0,1,0,0,0,0,0,0.0,0,1,1,0,0,1,0,0,0,0,0,0,0,0,0,0,0,0,0,1,0,0,0,0,0,0,0,0,0,0,0,0,1,0,0
1,1,462500,611,2009.63,239.4,0,0,0,0,0,0,0,0.0,0,1,1,0,0,1,0,0,0,0,0,0,0,0,0,0,0,0,0,1,0,0,0,0,0,0,0,0,0,0,0,0,1,0,0
2,2,575000,808,2427.36,306.72,1,0,0,0,0,0,1,0.0,0,1,1,0,0,0,1,0,0,0,0,0,0,0,0,0,0,0,0,1,0,0,0,0,0,0,0,0,0,0,0,0,1,0,0
1,1,385000,464,1765.39,175.85,0,0,0,0,0,1,0,0.0,0,0,0,0,1,0,1,0,0,0,0,0,0,0,0,0,0,0,0,1,0,0,0,0,0,0,0,0,0,0,0,0,1,0,0
1,1,395000,462,1626.68,175.85,0,0,0,0,0,1,0,0.0,0,1,1,0,0,0,1,0,0,0,0,0,0,0,0,0,0,0,0,1,0,0,0,0,0,0,0,0,0,0,0,0,1,0,0
2,1,583000,875,2425.08,311.0,0,0,0,1,0,0,0,0.0,0,0,0,0,1,1,0,0,0,0,0,0,0,0,0,0,0,0,0,1,0,0,0,0,0,0,0,0,0,0,0,0,1,0,0
2,1,586500,910,2501.8,331.69,0,0,0,1,0,0,0,0.0,0,1,1,0,0,0,1,0,0,0,0,0,0,0,0,0,0,0,0,1,0,0,0,0,0,0,0,0,0,0,0,0,1,0,0
2,2,571500,985,2343.88,254.05,0,0,0,0,0,1,0,0.0,0,0,1,0,0,1,0,0,0,0,0,0,0,0,0,0,0,0,0,1,0,0,0,0,0,0,0,0,0,0,0,0,0,1,0
2,2,530000,1010,2372.01,256.55,0,0,0,0,0,0,0,0.0,0,0,1,0,0,1,0,0,0,0,0,0,0,0,0,0,0,0,0,1,0,0,0,0,0,0,0,0,0,0,0,0,0,1,0
2,2,548500,1069,2422.57,275.22,0,0,0,0,0,0,0,0.0,0,0,1,0,0,1,0,0,0,0,0,0,0,0,0,0,0,0,0,1,0,0,0,0,0,0,0,0,0,0,0,0,0,1,0
2,2,570000,980,2180.94,316.91,0,0,0,0,0,0,0,0.0,0,1,1,0,0,0,1,0,0,0,0,0,0,0,0,0,0,0,0,1,0,0,0,0,0,0,0,0,0,0,0,0,0,1,0
2,2,550000,1006,2220.74,308.33,0,1,0,0,0,0,0,0.0,0,1,1,0,0,1,0,0,0,0,0,0,0,0,0,0,0,0,0,1,0,0,0,0,0,0,0,0,0,0,0,0,0,1,0
2,1,423000,803,1946.68,330.25,0,0,0,0,0,0,1,0.0,0,1,1,0,0,1,0,0,0,0,0,0,0,0,0,0,0,0,0,1,0,0,0,0,0,0,0,0,0,0,0,0,0,0,1
2,2,464900,905,2094.61,299.45,0,0,0,0,0,0,0,0.0,0,1,0,0,0,1,0,0,0,0,0,0,0,0,0,0,0,0,0,1,0,0,0,0,0,0,0,0,0,0,0,0,0,1,0
1,1,560000,600,2250.56,210.0,0,0,0,0,0,1,0,0.0,0,1,1,0,0,1,0,0,0,0,0,0,0,0,0,0,0,0,0,1,0,0,0,0,0,0,0,0,0,0,0,0,1,0,0
2,1,599900,1168,2514.37,437.39,0,0,0,1,0,0,0,0.0,0,0,0,0,0,1,0,0,0,0,0,0,0,0,0,0,0,0,0,1,0,0,0,0,0,0,0,0,0,0,0,0,0,1,0
1,1,450000,587,1968.04,185.52,0,0,0,0,0,0,0,1.0,0,1,1,0,0,1,0,0,0,0,0,0,0,0,0,0,0,0,0,1,0,0,0,0,0,0,0,0,0,0,1,0,0,0,0
1,1,479738,769,2294.6,221.12,0,0,0,1,0,0,0,0.0,0,1,0,0,0,1,0,0,0,0,0,0,0,0,0,0,0,0,0,1,0,0,0,0,0,0,0,0,0,0,1,0,0,0,0
2,2,423000,904,1999.67,509.91,0,0,0,1,0,0,0,0.0,0,1,0,0,0,0,1,0,0,0,0,0,0,0,0,0,0,0,0,1,0,0,0,0,0,0,0,0,0,0,0,0,0,0,1
1,1,355000,645,1709.03,355.0,0,0,0,1,0,0,0,0.0,0,1,0,0,0,0,1,0,0,0,0,0,0,0,0,0,0,0,0,1,0,0,0,0,0,0,0,0,0,0,0,0,0,0,1
0,1,479900,393,1331.44,209.68,0,0,0,0,0,0,1,0.0,0,1,1,0,0,0,1,0,0,0,0,0,0,0,0,0,0,0,0,1,0,0,0,0,0,0,0,0,0,0,0,1,0,0,0
1,1,558000,511,2383.96,213.61,0,0,0,0,0,0,0,0.0,0,1,1,0,0,1,0,0,0,0,0,0,0,0,0,0,0,0,0,1,0,0,0,0,0,0,0,0,0,0,0,1,0,0,0
1,1,515000,510,2222.02,210.0,0,0,0,0,0,0,1,0.0,0,0,1,0,0,1,0,0,0,0,0,0,0,0,0,0,0,0,0,1,0,0,0,0,0,0,0,0,0,0,0,1,0,0,0
1,1,535000,510,1660.75,213.61,0,0,0,0,0,1,0,0.0,0,1,0,0,0,0,1,0,0,0,0,0,0,0,0,0,0,0,0,1,0,0,0,0,0,0,0,0,0,0,0,1,0,0,0
1,1,535000,512,2275.99,213.61,0,0,0,0,0,0,1,0.0,0,1,1,0,0,1,0,0,0,0,0,0,0,0,0,0,0,0,0,1,0,0,0,0,0,0,0,0,0,0,0,1,0,0,0
1,1,536800,517,2392.48,213.61,0,0,0,0,0,1,0,0.0,0,1,1,0,0,0,1,0,0,0,0,0,0,0,0,0,0,0,0,1,0,0,0,0,0,0,0,0,0,0,0,1,0,0,0
1,1,556500,510,2372.59,213.61,0,0,0,0,0,1,1,0.0,0,1,1,0,0,1,0,0,0,0,0,0,0,0,0,0,0,0,0,1,0,0,0,0,0,0,0,0,0,0,0,1,0,0,0
2,2,575000,942,2355.95,403.95,0,0,0,1,0,1,0,0.0,0,1,0,0,0,1,0,0,0,0,0,0,0,0,0,0,0,0,0,1,0,0,0,0,0,0,0,0,0,0,0,0,0,1,0
1,1,412500,746,1873.91,286.0,0,0,0,0,0,0,1,0.0,0,1,0,0,0,0,1,0,0,0,0,0,0,0,0,0,0,0,0,1,0,0,0,0,0,0,0,0,0,0,0,0,0,1,0
1,1,414000,746,1887.16,302.96,0,0,0,0,0,0,0,0.0,0,1,0,0,0,1,0,0,0,0,0,0,0,0,0,0,0,0,0,1,0,0,0,0,0,0,0,0,0,0,0,0,0,1,0
1,1,425000,711,1862.53,302.96,0,0,0,0,0,0,0,0.0,0,1,0,1,0,0,1,0,0,0,0,0,0,0,0,0,0,0,0,1,0,0,0,0,0,0,0,0,0,0,0,0,0,1,0
2,2,496000,942,2259.35,403.95,0,0,0,0,0,1,0,0.0,0,1,0,0,0,1,0,0,0,0,0,0,0,0,0,0,0,0,0,1,0,0,0,0,0,0,0,0,0,0,0,0,0,1,0
2,1,470000,926,2138.13,392.2,0,0,0,0,0,0,0,0.0,0,1,0,1,0,1,0,0,0,0,0,0,0,0,0,0,0,0,0,1,0,0,0,0,0,0,0,0,0,0,0,0,0,1,0
2,1,500000,915,2196.84,403.95,0,0,0,1,0,0,0,0.0,0,1,0,0,0,1,0,0,0,0,0,0,0,0,0,0,0,0,0,1,0,0,0,0,0,0,0,0,0,0,0,0,0,1,0
2,2,512500,943,2247.98,403.95,0,0,0,1,0,0,0,0.0,0,1,0,0,0,1,0,0,0,0,0,0,0,0,0,0,0,0,0,1,0,0,0,0,0,0,0,0,0,0,0,0,0,1,0
2,1,460000,786,1991.08,399.12,0,0,0,0,0,1,0,0.0,0,1,1,0,0,0,1,0,0,0,0,0,1,0,0,0,0,0,0,0,0,0,0,0,0,0,0,0,0,0,0,0,0,0,1
2,2,460000,950,2178.03,473.26,0,0,0,1,0,0,0,0.0,0,1,0,0,0,1,0,0,0,0,0,0,0,0,0,0,0,0,0,1,0,0,0,0,0,0,0,0,0,0,0,0,0,0,1
2,1,470000,783,1904.73,454.59,0,0,0,0,0,0,0,0.0,0,1,0,0,0,0,1,0,0,0,0,0,0,0,0,0,0,0,0,1,0,0,0,0,0,0,0,0,0,0,0,0,0,0,1
2,1,485000,783,1955.85,397.6,0,0,0,1,0,0,0,0.0,0,1,0,0,0,1,0,0,0,0,0,0,0,0,0,0,0,0,0,1,0,0,0,0,0,0,0,0,0,0,0,0,0,0,1
1,1,466000,700,2072.94,197.13,0,0,0,0,0,0,0,0.0,0,1,1,0,0,1,0,0,0,0,0,0,0,0,1,0,0,0,0,0,0,0,0,0,0,0,0,0,0,0,0,0,0,1,0
1,1,448888,611,1908.68,180.08,0,0,0,0,0,0,0,1.0,0,1,1,0,0,1,0,0,0,0,0,0,1,0,0,0,0,0,0,0,0,0,0,0,0,0,0,0,0,0,0,0,1,0,0
1,1,442800,598,2120.8,133.24,0,0,0,0,0,0,0,1.0,0,1,1,0,0,1,0,0,0,0,0,0,1,0,0,0,0,0,0,0,0,0,0,0,0,0,0,0,0,0,0,0,1,0,0
2,2,599900,1212,2361.63,355.0,1,0,0,0,0,0,0,0.0,0,0,0,0,0,1,0,0,0,0,0,0,1,0,0,0,0,0,0,0,0,0,0,0,0,0,0,0,0,0,0,0,0,1,0
2,2,580000,1207,2361.63,354.97,1,0,0,0,0,0,0,0.0,0,0,0,0,0,1,0,0,0,0,0,0,1,0,0,0,0,0,0,0,0,0,0,0,0,0,0,0,0,0,0,0,0,1,0
2,1,555000,959,2069.69,392.15,0,1,0,0,0,1,0,0.0,0,0,0,0,0,0,1,0,0,0,0,0,1,0,0,0,0,0,0,0,0,0,0,0,0,0,0,0,0,0,0,0,0,1,0
0,1,295000,519,1478.0,207.73,0,0,1,0,0,0,1,0.0,0,0,0,0,0,1,0,0,0,0,0,0,1,0,0,0,0,0,0,0,0,0,0,0,0,0,0,0,0,0,0,0,0,0,1
1,1,295000,498,1474.87,197.34,0,0,0,0,0,0,1,0.0,0,0,0,0,0,1,0,0,0,0,0,0,1,0,0,0,0,0,0,0,0,0,0,0,0,0,0,0,0,0,0,0,0,0,1
1,1,310000,511,1537.38,192.09,0,0,0,0,0,0,1,0.0,0,0,0,0,0,1,0,0,0,0,0,0,1,0,0,0,0,0,0,0,0,0,0,0,0,0,0,0,0,0,0,0,0,0,1
1,1,375000,783,1964.38,302.02,0,0,0,1,0,1,0,0.0,0,0,0,0,0,1,0,0,0,0,0,0,1,0,0,0,0,0,0,0,0,0,0,0,0,0,0,0,0,0,0,0,0,0,1
1,1,400000,760,1745.63,316.38,0,0,0,1,0,0,0,0.0,0,0,0,0,0,1,0,0,0,0,0,0,1,0,0,0,0,0,0,0,0,0,0,0,0,0,0,0,0,0,0,0,0,0,1
1,1,424000,715,1764.37,275.79,0,0,0,0,0,1,0,0.0,0,0,0,0,0,0,1,0,0,0,0,0,1,0,0,0,0,0,0,0,0,0,0,0,0,0,0,0,0,0,0,0,0,0,1
2,1,470000,938,2049.63,357.0,0,0,0,1,0,0,0,0.0,0,0,0,0,0,1,0,0,0,0,0,0,1,0,0,0,0,0,0,0,0,0,0,0,0,0,0,0,0,0,0,0,0,0,1
2,2,485000,947,1975.75,365.0,0,0,0,0,0,0,0,0.0,0,0,0,0,0,0,1,0,0,0,0,0,1,0,0,0,0,0,0,0,0,0,0,0,0,0,0,0,0,0,0,0,0,0,1
2,1,540000,918,2112.04,354.09,0,0,0,0,0,1,0,0.0,0,0,0,0,0,1,0,0,0,0,0,0,1,0,0,0,0,0,0,0,0,0,0,0,0,0,0,0,0,0,0,0,0,1,0
2,1,548000,1061,2271.0,422.51,0,1,0,0,0,0,0,0.0,0,0,0,0,0,1,0,0,0,0,0,0,1,0,0,0,0,0,0,0,0,0,0,0,0,0,0,0,0,0,0,0,0,1,0
1,1,451000,734,1465.88,261.77,0,0,0,1,0,0,0,0.0,0,0,1,0,0,1,0,0,0,0,0,0,1,0,0,0,0,0,0,0,0,0,0,0,0,0,0,0,0,0,0,0,0,1,0
1,1,442000,607,2072.58,195.85,0,0,0,0,0,0,1,0.0,0,1,1,0,0,1,0,0,0,0,0,0,1,0,0,0,0,0,0,0,0,0,0,0,0,0,0,0,0,0,0,0,1,0,0
2,2,598000,929,2474.03,340.06,0,0,0,0,0,0,0,0.0,0,1,1,0,0,1,0,0,0,0,0,0,1,0,0,0,0,0,0,0,0,0,0,0,0,0,0,0,0,0,1,0,0,0,0
1,1,449000,685,1997.24,242.0,0,0,0,0,0,1,0,0.0,0,1,1,0,0,1,0,0,0,0,0,0,1,0,0,0,0,0,0,0,0,0,0,0,0,0,0,0,0,0,1,0,0,0,0
1,1,405000,780,1817.21,303.5,1,0,0,1,0,0,0,0.0,0,1,1,1,0,0,1,0,0,0,0,0,1,0,0,0,0,0,0,0,0,0,0,0,0,0,0,0,0,0,1,0,0,0,0
2,2,590000,1125,2301.7,276.51,0,0,0,0,0,0,0,1.0,0,0,1,0,0,1,0,0,0,0,0,0,1,0,0,0,0,0,0,0,0,0,0,0,0,0,0,0,0,0,0,0,0,1,0
